{
    "gid": 1,
    "g_name": "ok",
    "hand_num": 2,
    "left_d": [
        [
            -0.040349081158638,
            -0.1343752145767212,
            0.037563504475855325
        ],
        [
            -0.05114663392305374,
            -0.261246919631958,
            0.04396443610241363
        ],
        [
            -0.038007162511348724,
            -0.3570355772972107,
            0.04256858472874114
        ],
        [
            -0.013787388801574707,
            -0.42009440064430237,
            0.03928584401657531
        ],
        [
            -0.06058395653963089,
            -0.33154159784317017,
            -0.0014565849567418354
        ],
        [
            -0.052050650119781494,
            -0.5246796309947968,
            -0.01716276089499047
        ],
        [
            -0.0318644642829895,
            -0.6238242983818054,
            -0.021035213198757674
        ],
        [
            -0.01205512136220932,
            -0.6911042332649231,
            -0.021202471282578017
        ],
        [
            -0.029758140444755554,
            -0.33031314611434937,
            -0.029185446154571082
        ],
        [
            -0.0013754889369010925,
            -0.5542240738868713,
            -0.04521402547905495
        ],
        [
            0.02739100158214569,
            -0.6633828729391098,
            -0.04682325403044274
        ],
        [
            0.05271534621715546,
            -0.7366025000810623,
            -0.045230610471463706
        ],
        [
            0.009902596473693848,
            -0.3112980127334595,
            -0.05320880765864899
        ],
        [
            0.03685358166694641,
            -0.5198460221290588,
            -0.06537612731406739
        ],
        [
            0.0591484010219574,
            -0.6270057559013367,
            -0.06421783770272782
        ],
        [
            0.07988347113132477,
            -0.7055262178182602,
            -0.06173344905326417
        ],
        [
            0.05937279760837555,
            -0.2710909843444824,
            -0.07355153764436295
        ],
        [
            0.08575114607810974,
            -0.4326392710208893,
            -0.07874253596017411
        ],
        [
            0.1042540967464447,
            -0.517598956823349,
            -0.07329876924703171
        ],
        [
            0.12209750711917877,
            -0.5882942974567413,
            -0.06783019955108216
        ]
    ],
    "right_d": [
        [
            0.03822684288024902,
            -0.1310480237007141,
            0.06896247149003898
        ],
        [
            0.04364955425262451,
            -0.2405019998550415,
            0.09121208817256843
        ],
        [
            0.02656775712966919,
            -0.32807084918022156,
            0.09992521435512458
        ],
        [
            -0.003097355365753174,
            -0.37370726466178894,
            0.10400262654317771
        ],
        [
            0.05378556251525879,
            -0.30870312452316284,
            0.035438029025925744
        ],
        [
            0.027802348136901855,
            -0.4821113348007202,
            0.03471898466838752
        ],
        [
            -0.001377880573272705,
            -0.5549564063549042,
            0.04128504351271545
        ],
        [
            -0.02629321813583374,
            -0.5958400666713715,
            0.04891540661944305
        ],
        [
            0.03233206272125244,
            -0.29943937063217163,
            -0.0035102035149350286
        ],
        [
            -0.0076122283935546875,
            -0.4960238039493561,
            -0.0020966428096755862
        ],
        [
            -0.04282963275909424,
            -0.577877476811409,
            0.0098485387165681
        ],
        [
            -0.07063072919845581,
            -0.6237602680921555,
            0.02003455900145923
        ],
        [
            0.0010870695114135742,
            -0.27942800521850586,
            -0.03725558712588395
        ],
        [
            -0.03810805082321167,
            -0.4684412181377411,
            -0.033792363549338233
        ],
        [
            -0.07139748334884644,
            -0.5493846833705902,
            -0.019910778919921768
        ],
        [
            -0.09687328338623047,
            -0.6048400104045868,
            -0.010399284842179668
        ],
        [
            -0.03836542367935181,
            -0.24875229597091675,
            -0.06493671804176415
        ],
        [
            -0.07402956485748291,
            -0.4091510474681854,
            -0.06574553817020501
        ],
        [
            -0.09988266229629517,
            -0.47691404819488525,
            -0.05644398003326501
        ],
        [
            -0.121640145778656,
            -0.5289051234722137,
            -0.047400051797495735
        ]
    ]
}