{
    "gid": 1,
    "g_name": "Test",
    "hand_num": 1,
    "left_d": [],
    "right_d": [
        [
            0.0,
            0.0,
            0.0
        ],
        [
            -0.09619104862213135,
            -0.006660163402557373,
            -0.04369621224140019
        ],
        [
            -0.17252510786056519,
            -0.11303168535232544,
            -0.06889732799862713
        ],
        [
            -0.2184484601020813,
            -0.22754758596420288,
            -0.08882666997050137
        ],
        [
            -0.26782387495040894,
            -0.30996936559677124,
            -0.11034015438889355
        ],
        [
            -0.13615089654922485,
            -0.3080325722694397,
            -0.06450305751894803
        ],
        [
            -0.1834225058555603,
            -0.46582531929016113,
            -0.10344659409855694
        ],
        [
            -0.21475160121917725,
            -0.5701997876167297,
            -0.13123604528044552
        ],
        [
            -0.24051699042320251,
            -0.6622628569602966,
            -0.1510378705654034
        ],
        [
            -0.07552969455718994,
            -0.34925156831741333,
            -0.06991795323227734
        ],
        [
            -0.10964959859848022,
            -0.5271060466766357,
            -0.10814816377495617
        ],
        [
            -0.13563132286071777,
            -0.646875411272049,
            -0.137673600235928
        ],
        [
            -0.16010808944702148,
            -0.7530873566865921,
            -0.15782160929774136
        ],
        [
            -0.01301485300064087,
            -0.35137253999710083,
            -0.07931181661223263
        ],
        [
            -0.03510552644729614,
            -0.5365655720233917,
            -0.12011869124506802
        ],
        [
            -0.053778111934661865,
            -0.658360481262207,
            -0.14763064555262417
        ],
        [
            -0.07342290878295898,
            -0.7675473392009735,
            -0.16486008338068814
        ],
        [
            0.04945880174636841,
            -0.324462890625,
            -0.09087096027468533
        ],
        [
            0.05222940444946289,
            -0.47774308919906616,
            -0.1299647825155148
        ],
        [
            0.05158179998397827,
            -0.5853661298751831,
            -0.14929875604246945
        ]
    ]
}