{
    "gid": 2,
    "g_name": "Test",
    "hand_num": 1,
    "left_d": [],
    "right_d": [
        [
            0.0,
            0.0,
            0.0
        ],
        [
            -0.0933193564414978,
            -0.0656920075416565,
            -0.020028780549125713
        ],
        [
            -0.16166001558303833,
            -0.22081303596496582,
            -0.017588825299696964
        ],
        [
            -0.20002710819244385,
            -0.35633164644241333,
            -0.017073585986452144
        ],
        [
            -0.23985755443572998,
            -0.4559818506240845,
            -0.014896181746678394
        ],
        [
            -0.11265218257904053,
            -0.40603765845298767,
            0.03410343140427585
        ],
        [
            -0.14220917224884033,
            -0.5344287157058716,
            0.02737637110118385
        ],
        [
            -0.16192001104354858,
            -0.6173592805862427,
            0.01227451827440973
        ],
        [
            -0.17904281616210938,
            -0.693121924996376,
            -0.0005060685652438224
        ],
        [
            -0.06449538469314575,
            -0.4443991482257843,
            0.028104225770277935
        ],
        [
            -0.08773189783096313,
            -0.5837037861347198,
            0.022280337885661083
        ],
        [
            -0.1058163046836853,
            -0.6788245141506195,
            0.005895323251081663
        ],
        [
            -0.12303465604782104,
            -0.7594677358865738,
            -0.006196155081795496
        ],
        [
            -0.016501545906066895,
            -0.4566081762313843,
            0.014255133122844654
        ],
        [
            -0.03388744592666626,
            -0.611625075340271,
            0.0008434162737671613
        ],
        [
            -0.051333606243133545,
            -0.7081694304943085,
            -0.012824412769930404
        ],
        [
            -0.07042670249938965,
            -0.7919224873185158,
            -0.021252562626557392
        ],
        [
            0.03258627653121948,
            -0.4475667476654053,
            -0.00315962765301947
        ],
        [
            0.029424190521240234,
            -0.6039764285087585,
            -0.018221219404892963
        ],
        [
            0.02235102653503418,
            -0.7085933834314346,
            -0.025707803069906277
        ]
    ]
}